{
  "books": 
  [
    {
      "book_name": "A Brief History of Time",
      "author": "Stephen Hawking",
      "publisher": "Bantam Books",
      "classification": "Science",
      "year_of_publication": 1988,
      "volumes": 1,
      "pages": 256
    },
    {
      "book_name": "The Origins of Political Order",
      "author": "Francis Fukuyama",
      "publisher": "Farrar, Straus and Giroux",
      "classification": "Politics",
      "year_of_publication": 2011,
      "volumes": 1,
      "pages": 585
    },
    {
      "book_name": "Sapiens: A Brief History of Humankind",
      "author": "Yuval Noah Harari",
      "publisher": "Harvill Secker",
      "classification": "History",
      "year_of_publication": 2011,
      "volumes": 1,
      "pages": 443
    },
    {
      "book_name": "1984",
      "author": "George Orwell",
      "publisher": "Secker & Warburg",
      "classification": "Politics",
      "year_of_publication": 1949,
      "volumes": 1,
      "pages": 328
    },
    {
      "book_name": "The Selfish Gene",
      "author": "Richard Dawkins",
      "publisher": "Oxford University Press",
      "classification": "Science",
      "year_of_publication": 1976,
      "volumes": 1,
      "pages": 224
    },
    {
      "book_name": "Guns, Germs, and Steel",
      "author": "Jared Diamond",
      "publisher": "W. W. Norton & Company",
      "classification": "History",
      "year_of_publication": 1997,
      "volumes": 1,
      "pages": 480
    },
    {
      "book_name": "The Republic",
      "author": "Plato",
      "publisher": "Penguin Classics",
      "classification": "Philosophy",
      "year_of_publication": -380,
      "volumes": 1,
      "pages": 416
    },
    {
      "book_name": "Thinking, Fast and Slow",
      "author": "Daniel Kahneman",
      "publisher": "Farrar, Straus and Giroux",
      "classification": "Psychology",
      "year_of_publication": 2011,
      "volumes": 1,
      "pages": 499
    },
    {
      "book_name": "The Art of War",
      "author": "Sun Tzu",
      "publisher": "Shambhala Publications",
      "classification": "Strategy",
      "year_of_publication": -500,
      "volumes": 1,
      "pages": 273
    },
    {
      "book_name": "The Structure of Scientific Revolutions",
      "author": "Thomas S. Kuhn",
      "publisher": "University of Chicago Press",
      "classification": "Science",
      "year_of_publication": 1962,
      "volumes": 1,
      "pages": 264
    },
    {
      "book_name": "A People's History of the United States",
      "author": "Howard Zinn",
      "publisher": "Harper Perennial",
      "classification": "History",
      "year_of_publication": 1980,
      "volumes": 1,
      "pages": 729
    },
    {
      "book_name": "Capital in the Twenty-First Century",
      "author": "Thomas Piketty",
      "publisher": "Harvard University Press",
      "classification": "Economics",
      "year_of_publication": 2013,
      "volumes": 1,
      "pages": 816
    },
    {
      "book_name": "Silent Spring",
      "author": "Rachel Carson",
      "publisher": "Houghton Mifflin",
      "classification": "Environment",
      "year_of_publication": 1962,
      "volumes": 1,
      "pages": 368
    }
  ]
}